,title,name,city,money,requirements,location,desc
0,Accountassistant,AlbionIndiaNidhiLtd,Coimbatore,10 000 15 000p m,UnderGraduate BachelorofCommerce,Coimbatore,
1,"CollectionOfficer,collectionExecutive",JOHNSONLIFTSPVTLTD,Madurai,10 000 15 000p m,UnderGraduate BachelorofArts BachelorofCommerce,Madurai,
2,RELATIONSHIPOFFICER/SENIORRELATIONSHIPOFFICER,SuryodayBankLtd,Pudukkottai,15 000 25 000p m,HSC,Pudukkottai,
3,Accontantwithtally,ABIACCOUNTSWORLD,Thoothukudi,7500 10000p m,UnderGraduate BachelorofCommerce ACCOUNTANCY AUDITING,Thoothukudi,
4,OfficeAssistanat,ABIACCOUNTSWORLD,Thoothukudi,7500 10000p m,UnderGraduate BachelorofManagement BUSS ADMN BUSS MGMT,Thoothukudi,
5,DigitalMarketingExecutive,ABIACCOUNTSWORLD,Thoothukudi,10 000 15 000p m,UnderGraduate BachelorofManagement BachelorofComputerapplication BUSS ADMN BUSS MGMT,Thoothukudi,
6,OfficeAssistanat,HiTechGroupofCompany,Ramanathapuram,25 000 50 000p m,UnderGraduate BachelorofManagement BUSS ADMN BUSS MGMT,Ramanathapuram,
7,ProductionHelper,JeyasornaAgroTech,Dindigul,7500 10000p m,Diploma,Dindigul,
8,PTHOPERATOR,THINKSEMIINFOTECHPRIVATELIMITED,Chennai,10 000 15 000p m,Diploma DiplomaInEngineering ELECTRICALANDELECTRONICSENGINEERING,Chennai,
9,CompanyApprentices,AddisonandCoLtd,Chennai,15 000 25 000p m,UnderGraduate BachelorofEngineering Technology AUTOMOBILEENGINEERING ELECTRICALANDELECTRONICENGINEERING MECHANICALENGINGEERING,Chennai,
10,RELATIONSHIPOFFICER/SENIORRELATIONSHIPOFFICER,SuryodayBankLtd,Cuddalore,15 000 25 000p m,UnderGraduate,Cuddalore,
11,RELATIONSHIPOFFICER/SENIORRELATIONSHIPOFFICER,SuryodayBankLtd,Thiruvarur,15 000 25 000p m,UnderGraduate,Thiruvarur,
12,Accountassistant,DELTACONTROLSYSTEMS,Chennai,15 000 25 000p m,UnderGraduate BachelorofArts BachelorofCommerce BachelorofManagement ACCOUNTANCY AUDITING BANKINGFINANCIALSERVICESANDINSURANCE COMMERCE COMMERCEWITHCOMPUTERAPPLICATION,Chennai,
13,RELATIONSHIPOFFICER/SENIORRELATIONSHIPOFFICER,SuryodayBankLtd,Pudukkottai,15 000 25 000p m,HSC,Pudukkottai,
14,FrontOfficeExecutive,FeatherSoftwarres,Kanniyakumari,15 000 25 000p m,UnderGraduate BachelorofEducation BachelorofArts BachelorofCommerce BachelorsOthers BachelorofEngineering Technology,Kanniyakumari,
15,FieldMarketingExecutive,Stargroupofcompany,Kallakurichi,15 000 25 000p m,SSLC,Kallakurichi,
16,SITESUPERVISOR,VSelvarajAndCo,Cuddalore,15 000 25 000p m,UnderGraduate,Cuddalore,
17,FIELDSALESEXECUTIVE,VoiceSnapServices,Madurai,15 000 25 000p m,UnderGraduate,Madurai,
18,Electrician,EUROPAGROUP,Chennai,15 000 25 000p m,NationalTradeCertificate NTC Electrician,Chennai,
19,FIELDSALESEXECUTIVE,VoiceSnapServices,Kanniyakumari,15 000 25 000p m,UnderGraduate,Kanniyakumari,
20,FIELDSALESOFFICERS,VoiceSnapServices,Villupuram,15 000 25 000p m,UnderGraduate,Villupuram,
21,FIELDSALESOFFICERS,VoiceSnapServices,Tiruvannamalai,15 000 25 000p m,UnderGraduate,Tiruvannamalai,
22,MARKETING&SALESEXECUTIVE,DEECEEPOWERCARE,Coimbatore,10 000 15 000p m,Diploma DiplomaInEngineering DiplomaOthers AUTOMOBILEENGINEERING BASICENGINEERING HOTELMANAGEMENTANDCATERINGTECHNOLOGY PRODUCTIONENGINEERING,Coimbatore,
23,MarketingandHR,ALASSINFOTECHSOLUTION,Thiruchirappalli,10 000 15 000p m,PostGraduate MasterofManagement BUSS ADMN BUSS MGNT MARKETINGMANAGEMENT,Thiruchirappalli,
24,SUPERVISOR,TECHNOBRIGHTINDUSTRIES,Chennai,15 000 25 000p m,Diploma DiplomaInEngineering BASICENGINEERING,Chennai,
25,Sales&Marketing,AnamallaisAgenciesStadium,Coimbatore,10 000 15 000p m,UnderGraduate BachelorofArts BachelorofCommerce BachelorofComputerapplication ENGLISH TAMIL,Coimbatore,
26,Diplomatrainee,TVSSRICHAKRALIMITED,Madurai,10 000 15 000p m,Diploma DiplomaInEngineering DiplomaOthers ELECTRICALANDELECTRONICSENGINEERING MECHANICALENGINEERING MECHANICALENGINEERING MACHINETOOLMAINTENANCE REPAIRS MECHANICALENGINEERING REFRIGERATIONANDAIRCONDITIONING PROCESSING MECHATRONICSENGINEERING POLYMERTECHNOLOGY,Madurai,
27,TraineeinProduction,KwangsungBrakeIndiaPrivateLimited,Chennai,10 000 15 000p m,Diploma DiplomaInEngineering AUTOMOBILEENGINEERING,Chennai,
28,FITTER(SteelFabrication),MPTEC,Erode,15 000 25 000p m,Diploma DiplomaInEngineering MECHANICALENGINEERING,Erode,
29,SalesExecutive-CommercialTataVehiclesSales,PopularMegaMotorsIndiaPrivateLimited,Krishnagiri,15 000 25 000p m,HSC,Krishnagiri,
30,CollectionExecutive,SREEJAYANATHANCHITSPLTD,Thiruchirappalli,15 000 25 000p m,UnderGraduate,Thiruchirappalli,
31,Maraketingexcutive,FreedomDiagnostics,Coimbatore,25 000 50 000p m,UnderGraduate BachelorofEducation BachelorofCommerce BachelorofFineArts BUSINESSMANAGEMENT,Coimbatore,
32,OnlineSalesExecutive,FreedomDiagnostics,Coimbatore,15 000 25 000p m,UnderGraduate BachelorofCommerce BachelorofManagement BachelorofScience BachelorofComputerapplication BUSINESSMANAGEMENT,Coimbatore,
33,Electrical&electronic,PACESAFETYSOLUTIONS,Chennai,15 000 25 000p m,Diploma DiplomaInEngineering ELECTRICALANDELECTRONICSENGINEERING ELECTRONICSANDCOMMUNICATIONENGINEERING,Chennai,
34,Technician/GeneralWorker,PACESAFETYSOLUTIONS,Chennai,15 000 25 000p m,SSLC,Chennai,
35,DataEntryOperator,SRADATASOLUTIONS,Vellore,7500 10000p m,UnderGraduate BachelorofEducation EDUCATION,Vellore,
36,CNC&VMCOPERATOR/SETTER,SCINTILLATINGENGGCNCINDIAPVTLTD,Krishnagiri,15 000 25 000p m,NationalTradeCertificate NTC,Krishnagiri,
37,CNC&VMCOPERATOR/SETTER,MaestroEngineers,Coimbatore,15 000 25 000p m,NationalTradeCertificate NTC Machinist,Coimbatore,
38,ConewindingProductionSupervisor,SriSenthilMuruganTextiles,Tiruppur,10 000 15 000p m,Diploma DiplomaOthers EDUCATION,Tiruppur,
39,10,SVMPrivateLimited,Chengalpattu,15 000 25 000p m,Diploma DiplomaInEngineering DiplomaOthers MECHANICALENGINEERING MACHINETOOLMAINTENANCE REPAIRS,Chengalpattu,
40,2,SVMPrivateLimited,Chengalpattu,15 000 25 000p m,UnderGraduate BachelorofEngineering Technology ELECTRICALANDELECTRONICENGINEERING,Chengalpattu,
41,SalesExecutive,NACJEWELLERSPRIVATELIMITED,Chennai,10 000 15 000p m,HSC,Chennai,
42,NURSINGSTAFF,DrAravindsIVFFertilityPregnancyCentre,Tiruppur,10 000 15 000p m,UnderGraduate BachelorofScience NURSING,Tiruppur,
43,ApprenticeTRAINEE,TITANCOMPANYLIMITED,Coimbatore,10 000 15 000p m,Diploma DiplomaInEngineering AUTOMOBILEENGINEERING ELECTRICALANDELECTRONICSENGINEERING ELECTRONICSANDCOMMUNICATIONENGINEERING MECHANICALENGINEERING MECHATRONICSENGINEERING,Coimbatore,
44,PHARMACAYASSISTANT,APOLLOHOSPITALSENTERPRISELTDPHARMACYDIVISION,Chennai,15 000 25 000p m,HSC,Chennai,
45,SALESSTAFF,SIDDHESHCARS,Dindigul,10 000 15 000p m,Diploma DiplomaOthers OTHERS,Dindigul,
46,BusinessDevelopment&MarketingExecutive,APTLINETECHNOLOGIESPRIVATELIMITED,Erode,10 000 15 000p m,UnderGraduate,Erode,
47,தமிழகத்தில்மாவட்டவாரியாகசேல்ஸ்எக்சிகியூடிவ்வேலைக்குஆட்கள்தேவை9789059333,TalentproIndiaHRPrivateLimited,Chennai,15 000 25 000p m,HSC,Chennai,
48,FieldExecutive9345902761,TalentproIndiaHRPrivateLimited,Coimbatore,15 000 25 000p m,HSC,Coimbatore,
49,LiftInstallationEngineer,LegendLiftsIndiaPvtLtd,Tirunelveli,10 000 15 000p m,NationalTradeCertificate NTC,Tirunelveli,
50,AutoCad,LegendLiftsIndiaPvtLtd,Tirunelveli,10 000 15 000p m,Diploma DiplomaInEngineering,Tirunelveli,
51,RetailStoreSalesperson,FRESH2DAY,Chennai,10 000 15 000p m,SSLC,Chennai,
52,Nurse,CottonBlossomIndiaPvtLtd,Tiruppur,10 000 15 000p m,Diploma DIPLOMAINMEDICAL PARAMEDICAL,Tiruppur,
53,FinancialAdvisor,MRPInsuranceMarketingPLtd,Chennai,7500 10000p m,UnderGraduate BachelorofCommerce BANKINGFINANCIALSERVICESANDINSURANCE,Chennai,
54,TwoWheelerMechanic,THERPMOTORS,Coimbatore,10 000 15 000p m,NationalTradeCertificate NTC Mechanic MotorVehicle MechanicMotorCycle MechanicTwoandThreeWheeler,Coimbatore,
55,VILLAGELEVELOPERATORS-VLO,THIRUBUSINESSSERVICEINDIAPRIVATELIMITED,Villupuram,10 000 15 000p m,HSC,Villupuram,
56,MarketingandSalesExecutives,MRPInsuranceMarketingPLtd,Thiruchirappalli,7500 10000p m,UnderGraduate BachelorofCommerce FINANCIALMANAGEMENT,Thiruchirappalli,
57,CCTVTECHNICIAN,APTLINETECHNOLOGIESPRIVATELIMITED,Erode,10 000 15 000p m,Diploma DiplomaInEngineering,Erode,
58,CustomerRelationshipOfficer,TejasEduSkillsPvtLtd,Chennai,25 000 50 000p m,UnderGraduate BachelorofEducation BachelorofArts BachelorofCommerce BachelorofFineArts BachelorofManagement BachelorofScience BachelorsOthers BachelorofComputerapplication BachelorofVocationalcourses MARKETING BANKMANAGEMENT,Chennai,
59,CustomerRelationshipOfficer,TejasEduSkillsPvtLtd,Chengalpattu,25 000 50 000p m,UnderGraduate BachelorofArts BachelorofCommerce BachelorofManagement BachelorofScience BachelorsOthers BachelorofComputerapplication BachelorofVocationalcourses BUSINESSSTUDIES,Chengalpattu,
60,STAFFNURSE,ApolloHomeHealthcareltd,Chennai,25 000 50 000p m,CERT INMEDICAL PARAMEDICAL CERT INMEDICAL PARAMEDICAL NURSING,Chennai,
61,CustomerRelationshipOfficer,TejasEduSkillsPvtLtd,Krishnagiri,25 000 50 000p m,UnderGraduate BachelorofArts BachelorofManagement BachelorofScience BachelorsOthers BachelorofComputerapplication BachelorofVocationalcourses BUSINESSSTUDIES,Krishnagiri,
62,CustomerRelationshipOfficer,TejasEduSkillsPvtLtd,Tiruvannamalai,25 000 50 000p m,UnderGraduate BachelorofArts BachelorofManagement BachelorofScience BachelorsOthers BachelorofComputerapplication BachelorofVocationalcourses BUSINESSSTUDIES,Tiruvannamalai,
63,Sales&Marketing,TheMaduraiAirSystems,Tirunelveli,10 000 15 000p m,Diploma DiplomaInEngineering INFORMATIONTECHNOLOGY,Tirunelveli,
64,Loanofficer,FRISABROKERAGEPVTLTD,Chennai,10 000 15 000p m,PostGraduate,Chennai,
65,Telecaller,FRISABROKERAGEPVTLTD,Chennai,15 000 25 000p m,PostGraduate,Chennai,
66,BILLINGEXECUTIVES,SIAutomobiles,Coimbatore,10 000 15 000p m,Diploma DiplomaOthers EDUCATION,Coimbatore,
67,BPOExecutive,FRISABROKERAGEPVTLTD,Chennai,15 000 25 000p m,Diploma,Chennai,
68,SalesExecutive(Retail),TalentproIndiaHRPrivateLimited,Chennai,15 000 25 000p m,Diploma,Chennai,
69,Banking,FRISABROKERAGEPVTLTD,Chennai,15 000 25 000p m,PostGraduate,Chennai,
70,MarketingExcutive,FRISABROKERAGEPVTLTD,Chennai,15 000 25 000p m,PostGraduate,Chennai,
71,AcccountsManager,AXNINFOTECH,Tiruppur,15 000 25 000p m,UnderGraduate,Tiruppur,
72,Driver,DHARADESIGNS,Karur,10 000 15 000p m,SSLC,Karur,
73,Accountassistant(Freshers),SAJOTECHNOLOGIES,Thoothukudi,10 000 15 000p m,UnderGraduate BachelorofEducation BachelorofArts BachelorofCommerce EDUCATION,Thoothukudi,
74,HRExecutive,PanacorpSoftwareSolutions,Kanniyakumari,15 000 25 000p m,PostGraduate MasterofManagement,Kanniyakumari,
75,SoftwareTester,AiDEALabsPvtLtd,Chennai,15 000 25 000p m,UnderGraduate BachelorofScience BachelorofEngineering Technology BachelorofComputerapplication COMPUTER INFORMATIONTECH COMPUTERPROGRAMMING INFORMATIONTECHNOLOGY,Chennai,
76,QualityEngineer,AiDEALabsPvtLtd,Chennai,15 000 25 000p m,UnderGraduate BachelorofScience BachelorofEngineering Technology ELECTRICALANDELECTRONICENGINEERING ELECTRONICANDCOMMUNICATIONENGINEERING INDUSTRIALENGINEERING MECHANICALENGINGEERING,Chennai,
77,OFFICEADMIN,DELTAROTOTECHPRIVATELIMITED,Salem,15 000 25 000p m,UnderGraduate BachelorofEngineering Technology ELECTRICALANDELECTRONICENGINEERING ELECTRONICANDCOMMUNICATIONENGINEERING ELECTRONICSANDINSTRUMENTATIONENGINEERING,Salem,
78,SalesEngineer/Officer-Chennai,RBCBearingsPvtLtd,Chennai,15 000 25 000p m,Diploma DiplomaInEngineering BASICENGINEERING MECHANICALENGINEERING,Chennai,
79,LabTechnician,RIOSCANSANDLABS,Tirunelveli,10 000 15 000p m,Diploma DiplomaOthers OTHERS,Tirunelveli,
80,SalesEngineer/Officer-Tamilnadu,RBCBearingsPvtLtd,Kancheepuram,15 000 25 000p m,Diploma DiplomaInEngineering BASICENGINEERING MECHANICALENGINEERING,Kancheepuram,
81,Accontant,darusinfotechindiapvtltd,Chennai,15 000 25 000p m,UnderGraduate BachelorofCommerce ACCOUNTANCY AUDITING,Chennai,
82,Maintenance-Technician,RANBACASTINGSLIMITED,Coimbatore,15 000 25 000p m,Diploma DiplomaInEngineering MECHANICALENGINEERING,Coimbatore,
83,Maintenance-Technician,RANBACASTINGSLIMITED,Coimbatore,15 000 25 000p m,Diploma DiplomaInEngineering ELECTRICALANDELECTRONICSENGINEERING,Coimbatore,
84,Injectionmouldingmachineoperator,TechPlaasticIndustriePrivateLimited,Chennai,10 000 15 000p m,Diploma DiplomaOthers,Chennai,
85,BranchManager/Sr.BranchManager(LoanDisbursement&Collection),PragatiFinservPrivateLimited,Virudhunagar,15 000 25 000p m,UnderGraduate,Virudhunagar,
86,FieldOfficer(LoanDisbursement&Collection),PragatiFinservPrivateLimited,Virudhunagar,10 000 15 000p m,UnderGraduate,Virudhunagar,
87,BranchManager/Sr.BranchManager(LoanDisbursement&Collection),PragatiFinservPrivateLimited,Kanniyakumari,15 000 25 000p m,UnderGraduate,Kanniyakumari,
88,FieldOfficer(LoanDisbursement&Collection),PragatiFinservPrivateLimited,Kanniyakumari,10 000 15 000p m,UnderGraduate,Kanniyakumari,
89,SERVICEENGINEER,TECHZONE,Thoothukudi,10 000 15 000p m,UnderGraduate,Thoothukudi,
90,QualitycontrolInspector,ZeroLapseTechnologies,Coimbatore,10 000 15 000p m,Diploma DiplomaInEngineering MECHANICALENGINEERING,Coimbatore,
91,GENERALMANAGER,PanacorpSoftwareSolutions,Kanniyakumari,15 000 25 000p m,PostGraduate MasterofEngineering Technology MasterofManagement,Kanniyakumari,
92,Officeadmininstrator,PanacorpSoftwareSolutions,Kanniyakumari,15 000 25 000p m,PostGraduate MasterofManagement,Kanniyakumari,
93,MachineOparator,MRamsinghAgroFoodsPrivateLimited,Theni,10 000 15 000p m,Diploma DiplomaOthers EDUCATION OTHERS,Theni,
94,Mechanic,HariBalakrishnaAutomobiles,Thoothukudi,10 000 15 000p m,NationalTradeCertificate NTC,Thoothukudi,
95,SalesRepresentative,MRamsinghAgroFoodsPrivateLimited,Theni,10 000 15 000p m,HSC,Theni,
96,ServiceAdvisor,AnamallaisAgenciesStadium,Coimbatore,10 000 15 000p m,Diploma DiplomaInEngineering DiplomaOthers AUTOMOBILEENGINEERING MECHANICALENGINEERING,Coimbatore,
97,Driver,SWARNAMBIGAIGROUPOFCOMPANIES,Salem,10 000 15 000p m,SSLC,Salem,
98,Accountassistant,AIRWILLHOMECOLLECTIONSPVTLTD,Karur,10 000 15 000p m,UnderGraduate BachelorofCommerce BachelorofManagement BachelorofComputerapplication ACCOUNTANCY AUDITING ACCT INCOMETAX BUSINESSMANAGEMENT FINANCIALMANAGEMENT COMPUTERAPPLICATION,Karur,
99,AdministrativeCoordinator,FINEPRODUCTENTERPRISES,Coimbatore,10 000 15 000p m,UnderGraduate BachelorofArts ENGLISH,Coimbatore,
100,MANAGEMENTTRAINEE,Dmgrantonorganizations,Chennai,15 000 25 000p m,UnderGraduate BachelorofEducation BachelorofArts BachelorofCommerce BachelorofManagement BachelorofEngineering Technology BachelorofComputerapplication BUSINESSSTUDIES BUSINESSTAMIL PUBLICADMINISTRATION BUSINESSMANAGEMENT BUSS ADMN BUSS MGNT COMMERCE COMMERCEWITHCOMPUTERAPPLICATION MARKETING BANKMANAGEMENT PERSONNELMANAGEMENT HR,Chennai,
101,Technician-Trainee,SUPREMEPOWEREQUIPMENTLTD,Chennai,10 000 15 000p m,NationalTradeCertificate NTC Electrician,Chennai,
102,Fitter,SAMYENGINEERINGTOOLS,Chennai,10 000 15 000p m,NationalTradeCertificate NTC Tool DieMaker Dies Moulds,Chennai,
103,Qualitycontrol,GrafarTechnologyPrivateLimited,Chennai,15 000 25 000p m,Diploma DiplomaInEngineering MECHANICALENGINEERING,Chennai,
104,VMCProgrammer&Designer,GrafarTechnologyPrivateLimited,Chennai,25 000 50 000p m,Diploma DiplomaInEngineering MECHANICALENGINEERING,Chennai,
105,EDMWIRECUTOperator,SAMYENGINEERINGTOOLS,Chennai,15 000 25 000p m,UnderGraduate BachelorofEngineering Technology MECHANICALENGINGEERING,Chennai,
106,JOBDESPATCHER,SAMYENGINEERINGTOOLS,Chennai,15 000 25 000p m,BelowSSLC,Chennai,
107,ElectricalMaintenanceExecutive,PWDSEXTRUSIONSPRIVATELIMITED,Coimbatore,15 000 25 000p m,Diploma DiplomaInEngineering ELECTRICALANDELECTRONICSENGINEERING,Coimbatore,
108,STOREINCHARGE,PWDSEXTRUSIONSPRIVATELIMITED,Coimbatore,15 000 25 000p m,Diploma DiplomaInEngineering MECHANICALENGINEERING,Coimbatore,
109,SeniorAdminManager,PanacorpSoftwareSolutions,Kanniyakumari,15 000 25 000p m,PostGraduate MasterofManagement,Kanniyakumari,
110,TECHINICIAN,5KNETWORK,Erode,10 000 15 000p m,BelowSSLC,Erode,
111,OFFICEADMIN,RajasekarTextile,Virudhunagar,10 000 15 000p m,Diploma,Virudhunagar,
112,RelationshipManager,PiramalFinanceSalesandserviceprivateltd,Chennai,25 000 50 000p m,UnderGraduate,Chennai,
113,Draftsman,DECCANSUPPLYCHAINSOLUTIONSLLP,Krishnagiri,15 000 25 000p m,Diploma DiplomaInEngineering ARCHITECTURALASSISTANTSHIP CIVILENGINEERING ARCHITECTURE,Krishnagiri,
114,ACCOUNTEXECUTIVE,APTIVEINTEGRATEDENVIRONSYSTEMS,Chennai,10 000 15 000p m,UnderGraduate BachelorofCommerce ACCOUNTANCY AUDITING,Chennai,
115,JunierExecutive-Technical,snowwhitewatersolutionspvtltd,Chennai,15 000 25 000p m,NationalTradeCertificate NTC Plumber,Chennai,
116,MachineOperator/VMC/CNC,KRISHNAVENICARBONPRODUCTSPRIVATELIMITED,Coimbatore,15 000 25 000p m,Diploma DiplomaInEngineering MECHANICALENGINEERING,Coimbatore,
117,STAFFNURSE,ANBUHOSPITAL,Kallakurichi,10 000 15 000p m,CERT INMEDICAL PARAMEDICAL CERT INMEDICAL PARAMEDICAL LABTECHNICIAN HEALTHINSPECTOR HEALTHWORKER MEDICALRECORDSCIENCE MEDICALRECORDTECH NURSING SCANOPERATOR THEATRETECHNICIANFORHOLISTICDEVELOPMENT,Kallakurichi,
118,Accontant,ALAMSHAEXPORTSANDIMPORTSPVTLTD,Thiruchirappalli,10 000 15 000p m,UnderGraduate,Thiruchirappalli,
119,SENIORHREXECUTIVE,PanacorpSoftwareSolutions,Kanniyakumari,15 000 25 000p m,PostGraduate MasterofManagement GENERALMANAGEMENT,Kanniyakumari,
120,DataEntryOperator,ScrumWaterTechnologiesLLP,Thiruchirappalli,7500 10000p m,SSLC,Thiruchirappalli,
121,SalesEngineer/Officer-Chennai-Call9345811110,RBCBearingsPvtLtd,Chennai,15 000 25 000p m,Diploma DiplomaInEngineering,Chennai,
122,AGENT,Adz4needzOPCPvtLTD,Villupuram,15 000 25 000p m,UnderGraduate,Villupuram,
123,BusinessDevelopment&MarketingExecutive,PanacorpSoftwareSolutions,Kanniyakumari,15 000 25 000p m,PostGraduate MasterofManagement,Kanniyakumari,
124,ProductAssemblyTechnician,Deepakenterprises,Kancheepuram,15 000 25 000p m,UnderGraduate,Kancheepuram,
125,DESPATCHASSISTANT,VaithieswaraPapersandBoardsPrivateLimited,Tiruppur,7500 10000p m,UnderGraduate,Tiruppur,
126,Telecalling,TranzindiacorporatenetworkPvtLtd,Chennai,15 000 25 000p m,UnderGraduate,Chennai,
127,SalesExecutive,KANCHISUPERMARKET,Kancheepuram,10 000 15 000p m,SSLC,Kancheepuram,
128,BillingExecutive,KANCHISUPERMARKET,Kancheepuram,10 000 15 000p m,SSLC,Kancheepuram,
129,Pharmacist,APOLLOHOSPITALSENTERPRISELTDPHARMACYDIVISION,Salem,10 000 15 000p m,HSC,Salem,
130,BRANCHMANAGER,OndezxGroups,Chennai,25 000 50 000p m,UnderGraduate,Chennai,
131,VanDeliveryAssociates,LightzipTechnologiesPrivateLimited,Chennai,15 000 25 000p m,BelowSSLC,Chennai,
132,"Follow-up,LeadGenerationonPhone",FlowtechEnterprise,Coimbatore,15 000 25 000p m,SSLC,Coimbatore,
133,PurchaseOfficer,LIVIAPOLYMERBOTTLESPVTLTD,Thiruchirappalli,25 000 50 000p m,PostGraduate MasterofEngineering Technology ELECTRICALANDCONTROLENGINEERING ELECTRICALANDELECTRONICENGINEERING ELECTRONICANDCOMMUNICATIONENGINEERING MECHANICALENGINGEERING,Thiruchirappalli,
134,RegionalSalesHead(Coimbatore),LIVIAPOLYMERBOTTLESPVTLTD,Coimbatore,25 000 50 000p m,PostGraduate MasterofManagement BUSINESSMANAGEMENT BUSS ADMN BUSS MGNT MARKETINGMANAGEMENT,Coimbatore,
135,FIELDSALESOFFICERS,VoiceSnapServices,Kanniyakumari,15 000 25 000p m,UnderGraduate,Kanniyakumari,
136,Plumber,KMBMOTORLLP,Coimbatore,15 000 25 000p m,Diploma,Coimbatore,
137,Driver-TATAAce,TMTMarketingandSalesPvtLtd,Chennai,15 000 25 000p m,SSLC,Chennai,
138,WebDeveloper,TMTMarketingandSalesPvtLtd,Chennai,15 000 25 000p m,UnderGraduate BachelorofEngineering Technology,Chennai,
139,ACCOUNTEXECUTIVE,SIAutomobiles,Coimbatore,10 000 15 000p m,Diploma DiplomaOthers,Coimbatore,
140,மளிகைபொருட்கள்பேக்கிங்செய்யஆட்கள்தேவை,SEMPULAMSUSTAINABLESOLUTIONSPRIVATELIMITED,Chennai,10 000 15 000p m,SSLC,Chennai,
141,TEAMLEADER,Lakshsourcebusinesssolutionspvtltd,Chennai,25 000 50 000p m,UnderGraduate,Chennai,
142,Electricain,ELANGOAUTOELECTRICALWORKS,Coimbatore,10 000 15 000p m,BelowSSLC,Coimbatore,
143,PRODUCTIONOPERATOR,RenaatusProconPrivateLimited,Erode,15 000 25 000p m,Diploma DiplomaInEngineering ELECTRICALANDELECTRONICSENGINEERING MECHANICALENGINEERING MACHINETOOLMAINTENANCE REPAIRS,Erode,
144,Picker&Packer,MillionMindsManagementServicesLtd,Chennai,10 000 15 000p m,BelowSSLC,Chennai,
145,Cylindricalgrindingmachineoperator,SAMYENGINEERINGTOOLS,Chennai,15 000 25 000p m,BelowSSLC,Chennai,
146,CarWashTechnician,PERFECTSALESANDSERVICES,Villupuram,10 000 15 000p m,BelowSSLC,Villupuram,
147,BusinessDevelopmentExecutives,PACESAFETYSOLUTIONS,Chennai,15 000 25 000p m,Diploma DiplomaOthers EDUCATION OTHERS,Chennai,
148,Binder,ManojComputerOffsetPrinters,Pudukkottai,7500 10000p m,BelowSSLC,Pudukkottai,
149,HELPER,ManojComputerOffsetPrinters,Pudukkottai,7500 10000p m,BelowSSLC,Pudukkottai,
150,MachineOperator,ManojComputerOffsetPrinters,Pudukkottai,7500 10000p m,HSC,Pudukkottai,
151,Developmentmanager,SBILIFEINSURANCE,Cuddalore,10 000 15 000p m,HSC,Cuddalore,
152,CUSTOMERSUPPORTEXECUTIVE,Lakshsourcebusinesssolutionspvtltd,Cuddalore,15 000 25 000p m,UnderGraduate,Cuddalore,
153,ServiceIncharge,KMBMOTORLLP,Coimbatore,15 000 25 000p m,UnderGraduate BachelorsOthers BachelorofEngineering Technology AUTOMOBILEENGINEERING MECHATRONICSENGG,Coimbatore,
154,SALES&MARKETINGEXECUTIVE,KMBMOTORLLP,Coimbatore,10 000 15 000p m,UnderGraduate,Coimbatore,
155,HELPER,ANNAIPRODUCTS,Namakkal,10 000 15 000p m,SSLC,Namakkal,
156,Manager-Accounts,ANNAIPRODUCTS,Namakkal,15 000 25 000p m,UnderGraduate,Namakkal,
157,OFFICEADMIN,PanacorpSoftwareSolutions,Kanniyakumari,15 000 25 000p m,PostGraduate MasterofEngineering Technology MasterofManagement,Kanniyakumari,
158,Documentation,ALAMSHAEXPORTSANDIMPORTSPVTLTD,Thiruchirappalli,15 000 25 000p m,PostGraduate MasterofManagement,Thiruchirappalli,
159,MARKETING&SALESEXECUTIVE,ALAMSHAEXPORTSANDIMPORTSPVTLTD,Thiruchirappalli,10 000 15 000p m,Diploma DiplomaInEngineering INFORMATIONTECHNOLOGY AGRICULTURALTECHNOLOGY,Thiruchirappalli,
160,TeleCaller,ALAMSHAEXPORTSANDIMPORTSPVTLTD,Thiruchirappalli,10 000 15 000p m,Diploma DiplomaInEngineering AGRICULTURALENGINEERING,Thiruchirappalli,
161,AgriConsultant,PASUMAIBHARATHAMAGRISOLUTIONS,Thiruchirappalli,15 000 25 000p m,UnderGraduate BachelorofScience AGRICULTURE,Thiruchirappalli,
162,MarketingExcutive,SRIPADMARAJJEWELLERS,Coimbatore,25 000 50 000p m,HSC BUSINESSMANAGEMENT,Coimbatore,
163,QualityEngineer(V),LIVIAPOLYMERBOTTLESPVTLTD,Thiruchirappalli,15 000 25 000p m,PostGraduate MasterofEngineering Technology MECHATRONICSENGINEERING MECHANICALENGINGEERING MECHATRONICSENGG,Thiruchirappalli,
164,TwoWheelerMechanic,KMBMOTORLLP,Coimbatore,15 000 25 000p m,NationalTradeCertificate NTC,Coimbatore,
165,AccountantandOfficeAdministration-FemaleCandidatesPreferred,SIAutomobiles,Coimbatore,10 000 15 000p m,UnderGraduate,Coimbatore,
166,Sales,PORRANDSONSPRIVATELIMITED,Chennai,15 000 25 000p m,UnderGraduate,Chennai,
167,"Oparator,supervisor,",GrovenmanGlobalpvtLtd,Chennai,15 000 25 000p m,UnderGraduate,Chennai,
168,SalesExcutive,PACKKING,Cuddalore,15 000 25 000p m,NationalTradeCertificate NTC,Cuddalore,
169,MachineAssembly,SAMYENGINEERINGTOOLS,Chennai,10 000 15 000p m,BelowSSLC,Chennai,
170,CustomerServiceAssociate,MahaSportsDesignApparelsPvtLtd,Chennai,15 000 25 000p m,HSC,Chennai,
171,SocialMediaContentCreator&SalesPromoter,SEMPULAMSUSTAINABLESOLUTIONSPRIVATELIMITED,Chennai,15 000 25 000p m,UnderGraduate,Chennai,
172,AccountantwithGSTKnowledge,ShanthiEnterprises,Salem,15 000 25 000p m,PostGraduate MastersOthers FINANCIALMANAGEMENT,Salem,
173,Mechanic,SRIMOTORS,Thiruppathur,10 000 15 000p m,SSLC,Thiruppathur,
174,Telecallerswanted,FORTEMANAGEMENTSERVICES,Chennai,10 000 15 000p m,HSC,Chennai,
175,MatlabDeveloper,OndezxGroups,Kanniyakumari,15 000 25 000p m,UnderGraduate,Kanniyakumari,
176,PersonalAssistant(Female),OndezxGroups,Kanniyakumari,10 000 15 000p m,UnderGraduate,Kanniyakumari,
177,SEOExecutive,OndezxGroups,Kanniyakumari,25 000 50 000p m,UnderGraduate,Kanniyakumari,
178,Washer,KMBMOTORLLP,Coimbatore,10 000 15 000p m,BelowSSLC,Coimbatore,
179,WARRANTYINCHARGE,SWARNAMBIGAIGROUPOFCOMPANIES,Salem,10 000 15 000p m,Diploma,Salem,
180,AccountantwithGSTKnowledge,SGSEngineeringWorks,Coimbatore,15 000 25 000p m,UnderGraduate BachelorofCommerce ACCOUNTANCY AUDITING,Coimbatore,
181,SALES&MARKETINGEXECUTIVE,HARIDRA,Coimbatore,15 000 25 000p m,UnderGraduate,Coimbatore,
182,InsuranceAdvisor(WORKFROMHOME)),MRPInsuranceMarketingPLtd,Thiruchirappalli,7500 10000p m,BelowSSLC,Thiruchirappalli,
183,Work-IntegratedLearningandComprehensiveCourseOfferings,TejasEduSkillsPvtLtd,Chennai,10 000 15 000p m,HSC,Chennai,
184,DIPLOMATRAINEE,TejasEduSkillsPvtLtd,Coimbatore,7500 10000p m,HSC,Coimbatore,
185,"ITI-Fitter,Electrician&WelderTrainee",TejasEduSkillsPvtLtd,Coimbatore,10 000 15 000p m,SSLC,Coimbatore,
186,ShowroomSalesExecutives,NaviluMarbles,Pudukkottai,10 000 15 000p m,UnderGraduate BachelorofArts BachelorofCommerce BachelorofManagement BachelorofScience BUSINESSECONOMICS BUSINESSSTUDIES BUSINESSTAMIL ECONOMICS ENGLISH MARKETINGMANAGEMENT,Pudukkottai,
187,DeliveryExecutiveJob-Madurai,Bundltechnologies,Madurai,25 000 50 000p m,BelowSSLC,Madurai,
188,SoftwareDeveloper,STACKPOSSOFTWARESOLUTIONSLLP,Krishnagiri,10 000 15 000p m,UnderGraduate BachelorofEngineering Technology BachelorofComputerapplication INFORMATIONTECHNOLOGY COMPUTERSCIENCEANDENGINEERING,Krishnagiri,
189,AnsysDeveloper,OndezxGroups,Kanniyakumari,10 000 15 000p m,UnderGraduate BachelorofEngineering Technology CIVILENGINEERING,Kanniyakumari,
190,Receptionist,Otomatiks,Vellore,10 000 15 000p m,UnderGraduate BachelorofComputerapplication COMPUTERAPPLICATION,Vellore,
191,AssistantBranchmanager,HITECHRGROUP,Erode,15 000 25 000p m,UnderGraduate BachelorofCommerce BUSINESSMANAGEMENT,Erode,
192,Marketing,MRPInsuranceMarketingPLtd,Chennai,7500 10000p m,UnderGraduate BachelorofCommerce BANKINGFINANCIALSERVICESANDINSURANCE,Chennai,
193,PythonDeveloper(Exp),OndezxGroups,Kanniyakumari,15 000 25 000p m,UnderGraduate BachelorsOthers BachelorofComputerapplication COMPUTERAPPLICATION,Kanniyakumari,
194,FITTER,Supremesizingandweavingmills,Madurai,10 000 15 000p m,NationalTradeCertificate NTC Fitter,Madurai,
195,Fieldinvestigator,ARSMarketresearchservicesprivatelimited,Chennai,above1Lakhp m,HSC,Chennai,
196,Researchanalyst,ARSMarketresearchservicesprivatelimited,Chennai,25 000 50 000p m,UnderGraduate BachelorofArts BachelorofManagement ECONOMICS,Chennai,
197,ACCOUNTSSTAFF,Supremesizingandweavingmills,Madurai,10 000 15 000p m,UnderGraduate BachelorofCommerce ACCOUNTANCY AUDITING,Madurai,
198,InsuranceVerificationofficer,AYUHealthAlliedServices,Chennai,10 000 15 000p m,UnderGraduate,Chennai,
199,SIZINGMACHINEOPERATOR,Supremesizingandweavingmills,Madurai,10 000 15 000p m,SSLC,Madurai,
200,BusinessDevelopment&MarketingExecutive,SINGHMULTIVISUALMEDIATRICHY,Thiruchirappalli,15 000 25 000p m,HSC,Thiruchirappalli,
201,MARKETING&SALESEXECUTIVE,KAVIRAJPHARMaAACEUTICALS,Chennai,15 000 25 000p m,UnderGraduate,Chennai,
202,BusinessDevelopment&MarketingExecutiveFORFEMALECANDIDATES,SINGHMULTIVISUALMEDIATRICHY,Thanjavur,15 000 25 000p m,HSC,Thanjavur,
203,BusinessdevelopmentandmarketingexecutiveFORFEMALECANDIDATES,SINGHMULTIVISUALMEDIATRICHY,Pudukkottai,15 000 25 000p m,HSC,Pudukkottai,
204,BusinessDevelopment&MarketingExecutiveFORFEMALECANDIDATES,SINGHMULTIVISUALMEDIATRICHY,Ariyalur,15 000 25 000p m,HSC,Ariyalur,
205,BusinessDevelopment&MarketingExecutiveFORFEMALECANDIDATES,SINGHMULTIVISUALMEDIATRICHY,Perambalur,15 000 25 000p m,HSC,Perambalur,
206,BusinessDevelopment&MarketingExecutiveFORFEMALECANDIDATES,SINGHMULTIVISUALMEDIATRICHY,Dindigul,15 000 25 000p m,HSC,Dindigul,
207,BusinessdevelopmentandmarketingexecutiveFORFEMALECANDIDATES,SINGHMULTIVISUALMEDIATRICHY,Namakkal,15 000 25 000p m,HSC,Namakkal,
208,BusinessdevelopmentandmarketingexecutiveFORFEMALECANDIDATES,SINGHMULTIVISUALMEDIATRICHY,Karur,15 000 25 000p m,HSC,Karur,
209,DigitalMarketingExecutiveFORFEMALES,SINGHMULTIVISUALMEDIATRICHY,Thiruchirappalli,15 000 25 000p m,UnderGraduate BachelorofEducation,Thiruchirappalli,
210,MARKETING&SALESEXECUTIVE,ANNAIPRODUCTS,Ariyalur,15 000 25 000p m,UnderGraduate,Ariyalur,
211,MARKETING&SALESEXECUTIVE,ANNAIPRODUCTS,Perambalur,15 000 25 000p m,UnderGraduate,Perambalur,
212,AdministrativeCoordinator,PanacorpSoftwareSolutions,Kanniyakumari,15 000 25 000p m,PostGraduate MasterofManagement,Kanniyakumari,
213,MARKETING&SALESEXECUTIVE,ANNAIPRODUCTS,Kallakurichi,15 000 25 000p m,UnderGraduate,Kallakurichi,
214,MARKETING&SALESEXECUTIVE,ANNAIPRODUCTS,Tiruppur,15 000 25 000p m,UnderGraduate,Tiruppur,
215,MARKETING&SALESEXECUTIVE,ANNAIPRODUCTS,Namakkal,15 000 25 000p m,UnderGraduate,Namakkal,
216,MARKETING&SALESEXECUTIVE,ANNAIPRODUCTS,Karur,15 000 25 000p m,UnderGraduate,Karur,
217,MARKETING&SALESEXECUTIVE,ANNAIPRODUCTS,Coimbatore,15 000 25 000p m,UnderGraduate,Coimbatore,
218,MARKETING&SALESEXECUTIVE,ANNAIPRODUCTS,Thiruchirappalli,15 000 25 000p m,UnderGraduate,Thiruchirappalli,
219,MARKETING&SALESEXECUTIVE,ANNAIPRODUCTS,Erode,15 000 25 000p m,UnderGraduate,Erode,
220,MARKETING&SALESEXECUTIVE,ANNAIPRODUCTS,Salem,15 000 25 000p m,UnderGraduate,Salem,
221,Electricalengineer,ASVElectricalConsultantsPLtd,Madurai,15 000 25 000p m,UnderGraduate BachelorofEngineering Technology ELECTRICALANDELECTRONICENGINEERING,Madurai,
222,GraphicDesginer,TMTMarketingandSalesPvtLtd,Chennai,15 000 25 000p m,UnderGraduate,Chennai,
223,HVACTECHINICIAN,ArcticEngineers,Tirunelveli,10 000 15 000p m,Diploma DiplomaOthers,Tirunelveli,
224,MarketingExecutive,KovairacksIndiaPrivatelimited,Coimbatore,10 000 15 000p m,UnderGraduate,Coimbatore,
225,DATAENTRY,ALASSINFOTECHSOLUTION,Thiruchirappalli,10 000 15 000p m,UnderGraduate,Thiruchirappalli,
226,WebDeveloper-PHP(Experienced),AXNINFOTECH,Tiruppur,15 000 25 000p m,UnderGraduate,Tiruppur,
227,BPO-ProcessAssociate(DataEntry5Heads),PlestarInc,Tirunelveli,7500 10000p m,UnderGraduate BachelorofArts BachelorofCommerce BachelorofScience BachelorsOthers ENGLISH,Tirunelveli,
228,SALESANDSUPPORTEXECUTIVE,ALASSINFOTECHSOLUTION,Thiruchirappalli,10 000 15 000p m,UnderGraduate,Thiruchirappalli,
229,AdminExecutive,TMTMarketingandSalesPvtLtd,Chennai,10 000 15 000p m,UnderGraduate,Chennai,
230,SALESANDSUPPORTEXECUTIVE,ALASSINFOTECHSOLUTION,Thiruchirappalli,10 000 15 000p m,UnderGraduate,Thiruchirappalli,
231,Officestaff,Stargroupofcompany,Kallakurichi,10 000 15 000p m,SSLC,Kallakurichi,
232,SYSTEMOPERATOR,SWEATERSINDIA,Salem,10 000 15 000p m,UnderGraduate BachelorofCommerce COMMERCE,Salem,
233,SYSTEMOPERATOR,SWEATERSINDIA,Salem,10 000 15 000p m,UnderGraduate BachelorofCommerce COMMERCE,Salem,
234,DataEntryOperator,RANBACASTINGSLIMITED,Coimbatore,10 000 15 000p m,UnderGraduate,Coimbatore,
235,CADDesigner,KovairacksIndiaPrivatelimited,Coimbatore,10 000 15 000p m,UnderGraduate,Coimbatore,
236,ServiceTechnician,NKAyyanarTyres,Chennai,15 000 25 000p m,Diploma DiplomaInEngineering MECHANICALENGINEERING,Chennai,
237,CounterSaleExecutive,NKAyyanarTyres,Chengalpattu,15 000 25 000p m,UnderGraduate BachelorofEducation BachelorofArts BachelorofCommerce BachelorsOthers BachelorofVocationalcourses BUSINESSECONOMICS BUSINESSMANAGEMENT,Chengalpattu,
238,HELPER,NKAyyanarTyres,Chengalpattu,10 000 15 000p m,HSC,Chengalpattu,
239,ElectricMotor-Winder-Salem,DELTAROTOTECHPRIVATELIMITED,Salem,15 000 25 000p m,NationalTradeCertificate NTC Electrician,Salem,
240,LatheOperator-TURNER,DELTAROTOTECHPRIVATELIMITED,Salem,15 000 25 000p m,NationalTradeCertificate NTC Fitter,Salem,
241,CUSTOMERSUPPORTEXECUTIVE,NWTGlobalSolutionsPrivateLimited,Chennai,10 000 15 000p m,HSC,Chennai,
242,Traineetechnician,NKAyyanarTyres,Chengalpattu,15 000 25 000p m,Diploma DiplomaInEngineering MECHANICALENGINEERING,Chengalpattu,
243,SPARESMANAGER,SWARNAMBIGAIGROUPOFCOMPANIES,Salem,15 000 25 000p m,Diploma,Salem,
244,GRADUATEENGINEERTRAINEE,MERCURYFITTINGSPVTLTD,Chennai,10 000 15 000p m,UnderGraduate BachelorofEngineering Technology AUTOMOBILEENGINEERING MECHANICALENGINGEERING MECHATRONICSENGG,Chennai,
245,ACCOUNTANT,GEOMETRICSSPACESTRUCTURESPVTLTD,Coimbatore,10 000 15 000p m,UnderGraduate BachelorofCommerce ACCOUNTANCY AUDITING,Coimbatore,
246,SoftwareDeveloper,EaglemindsTechnologiesPrivateLimited,Thiruppathur,15 000 25 000p m,UnderGraduate BachelorofScience COMPUTERAPPLICATION,Thiruppathur,
247,AutomotiveServiceTechnician,MarikarMotorsLtd,Kanniyakumari,10 000 15 000p m,SSLC,Kanniyakumari,
248,BusinessDevelopmentManager(BDM),PanacorpSoftwareSolutions,Kanniyakumari,15 000 25 000p m,PostGraduate,Kanniyakumari,
249,CNC&VMCOPERATOR,ROSESPICNSPANINDIAPRIVATELIMITED,Chennai,15 000 25 000p m,NationalTradeCertificate NTC ComputerOperatorandProgrammingAssistant,Chennai,
250,CNC&VMCOPERATOR,ROSESPICNSPANINDIAPRIVATELIMITED,Chennai,10 000 15 000p m,NationalTradeCertificate NTC ComputerOperatorandProgrammingAssistant,Chennai,
251,CNC/VMCSETTER,ROSESPICNSPANINDIAPRIVATELIMITED,Chennai,25 000 50 000p m,Diploma DiplomaInEngineering MECHANICALENGINEERING,Chennai,
252,TelecallerDomesticVoiceProcess,FRMTECHNOSOLUTIONSPRIVATELIMITED,Chennai,10 000 15 000p m,HSC,Chennai,
253,SalesEngineer,BRINDHAVANENTERPRISES,Chennai,15 000 25 000p m,NationalTradeCertificate NTC TechnicianMechatronics,Chennai,
254,ACTECHINICIAN,THAISEVICES,Tiruvallur,15 000 25 000p m,BelowSSLC,Tiruvallur,
255,ServiceTechnician,NKAyyanarTyres,Chengalpattu,15 000 25 000p m,Diploma DiplomaInEngineering DiplomaOthers AUTOMOBILEENGINEERING MECHANICALENGINEERING,Chengalpattu,
256,HRAssistant,SWEATERSINDIA,Salem,10 000 15 000p m,UnderGraduate BachelorofCommerce FINANCIALMANAGEMENT,Salem,
257,OPERATORSTRAINEE,KovairacksIndiaPrivatelimited,Coimbatore,10 000 15 000p m,BelowSSLC,Coimbatore,
258,BMSTECHNICIAN,AvignaEnterprises,Chennai,10 000 15 000p m,Diploma DiplomaInEngineering ELECTRICALANDELECTRONICSENGINEERING ELECTRONICSANDCOMMUNICATIONENGINEERING,Chennai,
259,"A/CMECHANIC,A/CTECHNICAN",SUNRISEENTERPRISES,Madurai,10 000 15 000p m,NationalTradeCertificate NTC Mechanic RefrigerationandAir Conditioning,Madurai,
260,SalesManager,MarikarMotorsLtd,Kanniyakumari,25 000 50 000p m,UnderGraduate,Kanniyakumari,
261,PartExecutive,MarikarMotorsLtd,Kanniyakumari,10 000 15 000p m,SSLC,Kanniyakumari,
262,TECHINIAN,MarikarMotorsLtd,Kanniyakumari,15 000 25 000p m,Diploma,Kanniyakumari,
263,SALESEXECUTIVE-HONDA,MarikarMotorsLtd,Kanniyakumari,10 000 15 000p m,SSLC,Kanniyakumari,
264,TraineeFrontOffice,sevensGlobalTradingPvtLtd,Thanjavur,7500 10000p m,UnderGraduate BachelorofArts BachelorofScience BachelorofEngineering Technology,Thanjavur,
265,SalesExcutive,RKMOTORS,Madurai,10 000 15 000p m,UnderGraduate BachelorofEducation BachelorofCommerce BUSINESSMANAGEMENT,Madurai,
266,.NETDeveloper,GEOMETRICSSPACESTRUCTURESPVTLTD,Coimbatore,25 000 50 000p m,UnderGraduate,Coimbatore,
267,Sales&Marketing,MASSSGLASSINDIAPRIVATELIMITED,Tiruppur,10 000 15 000p m,UnderGraduate BachelorofComputerapplication COMPUTERAPPLICATION,Tiruppur,
268,CCTVTECHNICIAN,THIRUMANIENTERPRISES,Thoothukudi,7500 10000p m,SSLC,Thoothukudi,
269,TeleSalesExecutive,PanacorpSoftwareSolutions,Kanniyakumari,15 000 25 000p m,UnderGraduate,Kanniyakumari,
270,InternTraineeAssociate,MuthootFinancePvtLtd,Salem,10 000 15 000p m,UnderGraduate BachelorofArts BachelorofCommerce BachelorofScience BachelorofComputerapplication,Salem,
271,InternTraineeAssociate,MuthootFinancePvtLtd,Krishnagiri,10 000 15 000p m,UnderGraduate BachelorofArts BachelorofCommerce BachelorofManagement BachelorofScience BachelorofComputerapplication,Krishnagiri,
272,Technician-Mechanical,JAYARAJAUTOMOBILEAGENCY,Thoothukudi,10 000 15 000p m,Diploma DiplomaInEngineering DiplomaOthers AUTOMOBILEENGINEERING COMMERCIAL MECHANICALENGINEERING MECHANICALENGINEERING MACHINETOOLMAINTENANCE REPAIRS,Thoothukudi,
273,BUSINESSDEVELOPMENTDEPUTYMANAGER,PanacorpSoftwareSolutions,Kanniyakumari,15 000 25 000p m,PostGraduate,Kanniyakumari,
274,QualitycontrolInspector,ZeroLapseTechnologies,Coimbatore,15 000 25 000p m,Diploma DiplomaInEngineering MECHANICALENGINEERING,Coimbatore,
275,SalesExecutive,KardiPedrottiDryersPrivateLimited,Tiruvallur,15 000 25 000p m,UnderGraduate BachelorofManagement BachelorofScience BachelorsOthers BachelorofEngineering Technology AGRICULTUREMARKETING BOTANY MARKETINGMANAGEMENT AGRICULTURE AGRICULTURALSCIENCE AGRICULTURALENGINEERING,Tiruvallur,
276,BranchGeneralManager,PanacorpSoftwareSolutions,Kanniyakumari,15 000 25 000p m,PostGraduate,Kanniyakumari,
277,OFFICEBOY(MultiTask),THIRUMANIENTERPRISES,Thoothukudi,7500 10000p m,SSLC,Thoothukudi,
278,ServiceAdvisor,KARUNAKARANWHEELSINDIAPVTLTD,Coimbatore,10 000 15 000p m,Diploma DiplomaInEngineering MECHANICALENGINEERING,Coimbatore,
279,DATAENTRY,RAJAGOPALFINANCEANDLEASINGPRIVATELIMITED,Madurai,7500 10000p m,UnderGraduate BachelorofEducation BachelorofArts BachelorofComputerapplication COMPUTERAPPLICATION,Madurai,
280,HRAdministration,TheChennaiSilks,Coimbatore,25 000 50 000p m,UnderGraduate BachelorofManagement PERSONNELMANAGEMENT HR,Coimbatore,
281,Electricians,SAJOTECHNOLOGIES,Thoothukudi,10 000 15 000p m,Diploma DiplomaOthers EDUCATION,Thoothukudi,
282,Watertreatmenttechnician,Greenexindia,Chennai,10 000 15 000p m,BelowSSLC,Chennai,
283,SUPPORTENGINEER,SAJOTECHNOLOGIES,Thoothukudi,10 000 15 000p m,Diploma DiplomaOthers EDUCATION,Thoothukudi,
284,DataEntryOperator,SBLKNOWLEDGESERVICESPVTLTD,Madurai,10 000 15 000p m,HSC,Madurai,
285,Asst.BranchManager,KRBAKESPLTD,Coimbatore,15 000 25 000p m,UnderGraduate BachelorofEducation BachelorofArts BachelorofCommerce BachelorofFineArts BachelorofManagement BachelorofScience BachelorofTourism HotelManagement SPECIALEDUCATION CEREBRALPALSY EDUCATION BUSINESSSTUDIES BUSINESSMANAGEMENT BUSS ADMN BUSS MGNT,Coimbatore,
286,OfficeExecutive,RAJAGOPALFINANCEANDLEASINGPRIVATELIMITED,Madurai,7500 10000p m,UnderGraduate BachelorofCommerce BachelorofComputerapplication ACCOUNTANCY AUDITING BANKINGFINANCIALSERVICESANDINSURANCE,Madurai,
287,ACCOUNTEXECUTIVE,SYNAgroProductPvtLtd,Chennai,10 000 15 000p m,UnderGraduate BachelorofArts BachelorofCommerce ACCOUNTANCY AUDITING BUSINESSMANAGEMENT COMMERCE COMMERCEWITHCOMPUTERAPPLICATION,Chennai,
288,DATAENTRY,SYNAgroProductPvtLtd,Pudukkottai,15 000 25 000p m,UnderGraduate BachelorofEducation BachelorofArts BachelorofCommerce BachelorofScience BachelorsOthers ACCOUNTANCY AUDITING,Pudukkottai,
289,LabTechnician,SYNAgroProductPvtLtd,Pudukkottai,15 000 25 000p m,CERT INMEDICAL PARAMEDICAL CERT INMEDICAL PARAMEDICAL LABTECHNICIAN,Pudukkottai,
290,SUPERVISIOR,SYNAgroProductPvtLtd,Pudukkottai,15 000 25 000p m,UnderGraduate BachelorofArts BachelorsOthers BUSINESSTAMIL ECONOMICS HISTORY,Pudukkottai,
291,HR&Admin,SYNAgroProductPvtLtd,Chennai,10 000 15 000p m,PostGraduate,Chennai,
292,Mechanic,AnamallaisAgenciesStadium,Coimbatore,10 000 15 000p m,Diploma DiplomaInEngineering DiplomaOthers AUTOMOBILEENGINEERING MECHANICALENGINEERING,Coimbatore,
293,DIECASTINGOPERATOR,CandorManagementServicesPrivateLimited,Coimbatore,15 000 25 000p m,HSC,Coimbatore,
294,VMCOPERATOR,Shrihariautomation,Coimbatore,15 000 25 000p m,Diploma,Coimbatore,
295,SeniorTeleSalesExecutive,PanacorpSoftwareSolutions,Kanniyakumari,15 000 25 000p m,UnderGraduate,Kanniyakumari,
296,TraineeCenterOfficer,BSSMicrofinanceLimited,Chengalpattu,15 000 25 000p m,SSLC,Chengalpattu,
297,BPOTELECALLER,PanacorpSoftwareSolutions,Kanniyakumari,15 000 25 000p m,UnderGraduate,Kanniyakumari,
298,ProductionAssistantTrainee,DevendranPlasticPrivateLimited,Virudhunagar,10 000 15 000p m,NationalTradeCertificate NTC Electrician MechanicMachineToolMaintenance,Virudhunagar,
299,AdminManager,PanacorpSoftwareSolutions,Kanniyakumari,15 000 25 000p m,PostGraduate,Kanniyakumari,
300,PURCHASEENGINEER,POLYSEALS,Coimbatore,10 000 15 000p m,UnderGraduate BachelorofEngineering Technology PLASTICPROCESS TECH,Coimbatore,
301,SalesExecutive,SreethangamJewelleryTiruppur,Tiruppur,15 000 25 000p m,SSLC,Tiruppur,
302,OFFICEADMIN,SVMNaturals,Thoothukudi,10 000 15 000p m,UnderGraduate BachelorofScience AGRICULTUREMARKETING,Thoothukudi,
303,WarehouseExecutive,DECCANSUPPLYCHAINSOLUTIONSLLP,Krishnagiri,15 000 25 000p m,Diploma,Krishnagiri,
304,CollectionExecutive,ENORMECAPITALPRIVATELIMITED,Theni,10 000 15 000p m,UnderGraduate,Theni,
305,JuniorMerchandiser,AIRWILLHOMECOLLECTIONSPVTLTD,Karur,10 000 15 000p m,UnderGraduate,Karur,
306,"GRADUATEENGINEERTRAINEE(GET,DET)",NVHINDIAAUTOPARTSPVTLTD,Kancheepuram,15 000 25 000p m,Diploma DiplomaInEngineering AUTOMOBILEENGINEERING,Kancheepuram,
307,OfficeAssistanat,HINDUSTANGROUPOFCOMPANY,Tiruppur,10 000 15 000p m,UnderGraduate BachelorofManagement,Tiruppur,
308,Receptionist&Telecaller,Sreesaranmedicalcenter,Tiruppur,10 000 15 000p m,UnderGraduate,Tiruppur,
309,NURSINGSTAFF,Sreesaranmedicalcenter,Tiruppur,10 000 15 000p m,CERT INMEDICAL PARAMEDICAL NURSING,Tiruppur,
310,EchocardiogramTechnician,Sreesaranmedicalcenter,Tiruppur,15 000 25 000p m,CERT INMEDICAL PARAMEDICAL CERT INMEDICAL PARAMEDICAL CARDIOGRAPHYTECH,Tiruppur,
311,MARKETING&SALESEXECUTIVE,ALGEBRACOLOURS,Coimbatore,15 000 25 000p m,UnderGraduate,Coimbatore,
312,BUSINESSDEVELOPMENTASSOCIATIVE,PanacorpSoftwareSolutions,Kanniyakumari,15 000 25 000p m,UnderGraduate,Kanniyakumari,
313,CounterSaleExecutive,SSVARMAAJEWELLERS,Salem,10 000 15 000p m,UnderGraduate BachelorofArts ECONOMICS,Salem,
314,Nurse,VetriConstructionEquipmentCompany,Madurai,10 000 15 000p m,CERT INMEDICAL PARAMEDICAL CERT INMEDICAL PARAMEDICAL NURSING,Madurai,
315,SALESCOORDINATOR,VATANIXTECHNOLOGIESPRIVATELIMITED,Thiruchirappalli,10 000 15 000p m,UnderGraduate BachelorofArts BachelorofCommerce BachelorofComputerapplication COMPUTERAPPLICATION,Thiruchirappalli,
316,Therapist,VetriConstructionEquipmentCompany,Madurai,15 000 25 000p m,Diploma DiplomaOthers,Madurai,
317,SALESSUPPORTIVEEXECUTIVE,BUOYANTMEDIA,Coimbatore,15 000 25 000p m,UnderGraduate,Coimbatore,
318,CNC&VMCOPERATORTRAINEE,SCINTILLATINGENGGCNCINDIAPVTLTD,Krishnagiri,10 000 15 000p m,SSLC,Krishnagiri,
319,Marketing&SalesExecutive,ViggiAgroProducts,Namakkal,15 000 25 000p m,Diploma DiplomaOthers EDUCATION,Namakkal,
320,ServiceTechnician-Chennai,JSPAUTOMOTIVE,Chennai,10 000 15 000p m,NationalTradeCertificate NTC,Chennai,
321,HRExecutive,DrAravindsIVFFertilityPregnancyCentre,Madurai,10 000 15 000p m,PostGraduate MasterofManagement BUSINESSMANAGEMENT HOSPITALMANAGEMENT HOSPITALITYMANAGEMENT,Madurai,
322,SALESEXECUTIVES,SriVariMoneyExchangePvtLtd,Chennai,15 000 25 000p m,UnderGraduate,Chennai,
323,Accountassistant,RAJAGOPALFINANCEANDLEASINGPRIVATELIMITED,Madurai,10 000 15 000p m,UnderGraduate BachelorofArts BachelorofCommerce BachelorofComputerapplication ACCOUNTANCY AUDITING,Madurai,
324,SECURITYGUARD,AnburajaSizingMills,Erode,10 000 15 000p m,HSC,Erode,
325,CookingMaster,AnburajaSizingMills,Erode,15 000 25 000p m,Diploma DiplomaOthers OTHERS,Erode,
326,PatternMaker,PERFECTENGINEERS,Coimbatore,15 000 25 000p m,NationalTradeCertificate NTC PatternMaker,Coimbatore,
327,CustomerRelationshipOfficer,IIFLSAMASTAFINANCELTD,Chengalpattu,15 000 25 000p m,HSC,Chengalpattu,
328,CustomerSalesExpert,EUREKAFORBESLIMITED,Madurai,10 000 15 000p m,UnderGraduate BachelorofArts BachelorofScience ECONOMICS,Madurai,
329,TechnicianHelper,CAEnterprises,Coimbatore,15 000 25 000p m,NationalTradeCertificate NTC CivilEngineerAssistant,Coimbatore,
330,SalesExecutive,CAEnterprises,Coimbatore,15 000 25 000p m,UnderGraduate,Coimbatore,
331,Housekeeping,CJPallazzio,Salem,10 000 15 000p m,SSLC,Salem,
332,SalesManager,CAEnterprises,Coimbatore,25 000 50 000p m,UnderGraduate,Coimbatore,
333,Steward/Tr.Captain,CJPallazzio,Salem,10 000 15 000p m,Diploma,Salem,
334,OFFICEASSISTANT,HINDUSTANGROUPOFCOMPANY,Salem,10 000 15 000p m,UnderGraduate BachelorofCommerce BUSINESSMANAGEMENT,Salem,
335,BusinessDevelopment&MarketingExecutive,UNIVERSALMARKETINGSERVICES,Thiruvarur,10 000 15 000p m,UnderGraduate,Thiruvarur,
336,ACCOUNTANT,UNIVERSALMARKETINGSERVICES,Thiruvarur,10 000 15 000p m,UnderGraduate BachelorofCommerce,Thiruvarur,
337,CNC&VMCOPERATOR,SKENTERPRISES,Chengalpattu,15 000 25 000p m,Diploma DiplomaInEngineering,Chengalpattu,
338,CollectionOfficer,SITHIVINAAYAGAAFINANCE,Salem,10 000 15 000p m,HSC,Salem,
339,BRANCHINCHARGE,JNMACHNIEIRESPRIVATELIMITED,Chennai,7500 10000p m,PostGraduate BUSINESSSTUDIES,Chennai,
340,CUSTOMERCAREEXECUTIVE,JNMACHNIEIRESPRIVATELIMITED,Chennai,10 000 15 000p m,UnderGraduate BachelorofArts BUSINESSSTUDIES,Chennai,
341,KnittingmachineOperator,SreeSanthoshGarments,Tiruppur,15 000 25 000p m,BelowSSLC,Tiruppur,
342,KnittingMachineOperator,SreeSanthoshGarments,Tiruppur,15 000 25 000p m,BelowSSLC,Tiruppur,
343,Qualitycontrol,SreeSanthoshGarments,Tiruppur,10 000 15 000p m,Diploma DiplomaOthers OTHERS,Tiruppur,
344,RelationshipManager,EquitasSmallFinanceBank,Madurai,10 000 15 000p m,UnderGraduate,Madurai,
345,HumanResourcesAssistant,SreeSanthoshGarments,Tiruppur,10 000 15 000p m,PostGraduate MastersofArts MastersOthers HUMANRIGHTS SOCIOLOGY,Tiruppur,
346,BackofficeStaff,JOHNSONLIFTSPVTLTD,Thiruchirappalli,10 000 15 000p m,UnderGraduate BachelorofArts BachelorofCommerce BachelorofFineArts BachelorofScience BachelorsOthers COMPUTERAPPLICATION,Thiruchirappalli,
347,Electrical&MechanicalEngineer,KRISHNAVENICARBONPRODUCTSPRIVATELIMITED,Coimbatore,15 000 25 000p m,Diploma DiplomaInEngineering ELECTRICALANDELECTRONICSENGINEERING MECHANICALENGINEERING,Coimbatore,
